country,position,player
Algeria,GK,Oussama Benbot
Algeria,GK,Melvin Masstil
Algeria,GK,Luca Zidane
Algeria,DF,Achraf Abada
Algeria,DF,Rayan Ait Nouri
Algeria,DF,Zinedine Belaid
Algeria,DF,Rafik Belghali
Algeria,DF,Ramy Bensebaini
Algeria,DF,Samir Chergui
Algeria,DF,Jaouen Hadjam
Algeria,DF,Aissa Mandi
Algeria,DF,Mohamed Amine Tougai
Algeria,MF,Houssem Aouar
Algeria,MF,Nabil Bentaleb
Algeria,MF,Hicham Boudaoui
Algeria,MF,Fares Chaibi
Algeria,MF,Ibrahim Maza
Algeria,MF,Yassine Titraoui
Algeria,MF,Ramiz Zerrouki
Algeria,FW,Mohamed Amine Amoura
Algeria,FW,Nadir Benbouali
Algeria,FW,Adil Boulbina
Algeria,FW,Fares Ghedjemis
Algeria,FW,Amine Gouiri
Algeria,FW,Riyad Mahrez
Algeria,FW,Anis Hadj Moussa
Argentina,GK,Emiliano Martinez
Argentina,GK,Geronimo Rulli
Argentina,GK,Juan Musso
Argentina,DF,Leonardo Balerdi
Argentina,DF,Gonzalo Montiel
Argentina,DF,Nicolas Tagliafico
Argentina,DF,Lisandro Martinez
Argentina,DF,Cristian Romero
Argentina,DF,Nicolas Otamendi
Argentina,DF,Facundo Medina
Argentina,DF,Nahuel Molina
Argentina,MF,Leandro Paredes
Argentina,MF,Rodrigo De Paul
Argentina,MF,Valentin Barco
Argentina,MF,Giovani Lo Celso
Argentina,MF,Exequiel Palacios
Argentina,MF,Alexis Mac Allister
Argentina,MF,Enzo Fernandez
Argentina,FW,Julian Alvarez
Argentina,FW,Lionel Messi
Argentina,FW,Nicolas Gonzalez
Argentina,FW,Thiago Almada
Argentina,FW,Giuliano Simeone
Argentina,FW,Nicolas Paz
Argentina,FW,Jose Manuel Lopez
Argentina,FW,Lautaro Martinez
Australia,GK,Patrick Beach
Australia,GK,Paul Izzo
Australia,GK,Mathew Ryan
Australia,DF,Aziz Behich
Australia,DF,Jordan Bos
Australia,DF,Cameron Burgess
Australia,DF,Alessandro Circati
Australia,DF,Milos Degenek
Australia,DF,Jason Geria
Australia,DF,Lucas Herrington
Australia,DF,Jacob Italiano
Australia,DF,Harry Souttar
Australia,DF,Kai Trewin
Australia,MF,Cameron Devlin
Australia,MF,Ajdin Hrustic
Australia,MF,Jackson Irvine
Australia,MF,Connor Metcalfe
Australia,MF,Aiden O'Neill
Australia,MF,Paul Okon-Engstler
Australia,FW,Nestory Irankunda
Australia,FW,Mathew Leckie
Australia,FW,Awer Mabil
Australia,FW,Mohamed Toure
Australia,FW,Nishan Velupillay
Australia,FW,Cristian Volpato
Australia,FW,Tete Yengi
Austria,GK,Patrick Pentz
Austria,GK,Alexander Schlager
Austria,GK,Florian Wiegele
Austria,DF,David Affengruber
Austria,DF,David Alaba
Austria,DF,Kevin Danso
Austria,DF,Marco Friedl
Austria,DF,Philipp Lienhart
Austria,DF,Phillipp Mwene
Austria,DF,Stefan Posch
Austria,DF,Alexander Prass
Austria,DF,Michael Svoboda
Austria,MF,Christoph Baumgartner
Austria,MF,Carney Chukwuemeka
Austria,MF,Florian Grillitsch
Austria,MF,Konrad Laimer
Austria,MF,Marcel Sabitzer
Austria,MF,Xaver Schlager
Austria,MF,Romano Schmid
Austria,MF,Alessandro Schopf
Austria,MF,Nicolas Seiwald
Austria,MF,Paul Wanner
Austria,MF,Patrick Wimmer
Austria,FW,Marko Arnautovic
Austria,FW,Michael Gregoritsch
Austria,FW,Sasa Kalajdzic
Belgium,GK,Thibaut Courtois
Belgium,GK,Senne Lammens
Belgium,GK,Mike Penders
Belgium,DF,Timothy Castagne
Belgium,DF,Zeno Debast
Belgium,DF,Maxim De Cuyper
Belgium,DF,Koni De Winter
Belgium,DF,Brandon Mechele
Belgium,DF,Thomas Meunier
Belgium,DF,Nathan Ngoy
Belgium,DF,Joaquin Seys
Belgium,DF,Arthur Theate
Belgium,MF,Kevin De Bruyne
Belgium,MF,Amadou Onana
Belgium,MF,Nicolas Raskin
Belgium,MF,Youri Tielemans
Belgium,MF,Hans Vanaken
Belgium,MF,Axel Witsel
Belgium,FW,Charles De Ketelaere
Belgium,FW,Jeremy Doku
Belgium,FW,Matias Fernandez-Pardo
Belgium,FW,Romelu Lukaku
Belgium,FW,Dodi Lukebakio
Belgium,FW,Diego Moreira
Belgium,FW,Alexis Saelemaekers
Belgium,FW,Leandro Trossard
Bosnia and Herzegovina,GK,Nikola Vasilj
Bosnia and Herzegovina,GK,Martin Zlomislic
Bosnia and Herzegovina,GK,Osman Hadzikic
Bosnia and Herzegovina,DF,Sead Kolasinac
Bosnia and Herzegovina,DF,Amar Dedic
Bosnia and Herzegovina,DF,Nihad Mujakic
Bosnia and Herzegovina,DF,Nikola Katic
Bosnia and Herzegovina,DF,Tarik Muharemovic
Bosnia and Herzegovina,DF,Stjepan Radeljic
Bosnia and Herzegovina,DF,Dennis Hadzikadunic
Bosnia and Herzegovina,DF,Nidal Celik
Bosnia and Herzegovina,MF,Amir Hadziahmetovic
Bosnia and Herzegovina,MF,Ivan Sunjic
Bosnia and Herzegovina,MF,Ivan Basic
Bosnia and Herzegovina,MF,Dzenis Burnic
Bosnia and Herzegovina,MF,Ermin Mahmic
Bosnia and Herzegovina,MF,Benjamin Tahirovic
Bosnia and Herzegovina,MF,Amar Memic
Bosnia and Herzegovina,MF,Armin Gigovic
Bosnia and Herzegovina,MF,Kerim Alajbegovic
Bosnia and Herzegovina,MF,Esmir Bajraktarevic
Bosnia and Herzegovina,FW,Ermedin Demirovic
Bosnia and Herzegovina,FW,Jovo Lukic
Bosnia and Herzegovina,FW,Samed Bazdar
Bosnia and Herzegovina,FW,Haris Tabakovic
Bosnia and Herzegovina,FW,Edin Dzeko
Brazil,GK,Alisson
Brazil,GK,Ederson
Brazil,GK,Weverton
Brazil,DF,Alex Sandro
Brazil,DF,Bremer
Brazil,DF,Danilo
Brazil,DF,Douglas Santos
Brazil,DF,Gabriel Magalhaes
Brazil,DF,Ibanez
Brazil,DF,Leo Pereira
Brazil,DF,Marquinhos
Brazil,DF,Wesley
Brazil,MF,Bruno Guimaraes
Brazil,MF,Casemiro
Brazil,MF,Danilo Santos
Brazil,MF,Fabinho
Brazil,MF,Lucas Paqueta
Brazil,FW,Endrick
Brazil,FW,Gabriel Martinelli
Brazil,FW,Igor Thiago
Brazil,FW,Luiz Henrique
Brazil,FW,Matheus Cunha
Brazil,FW,Neymar Jr
Brazil,FW,Raphinha
Brazil,FW,Rayan
Brazil,FW,Vinicius Jr
Canada,GK,Dayne St Clair
Canada,GK,Maxime Crepeau
Canada,GK,Owen Goodman
Canada,DF,Alistair Johnston
Canada,DF,Derek Cornelius
Canada,DF,Richie Laryea
Canada,DF,Niko Sigur
Canada,DF,Joel Waterman
Canada,DF,Luc de Fougerolles
Canada,DF,Moise Bombito
Canada,DF,Alphonso Davies
Canada,DF,Alfie Jones
Canada,MF,Stephen Eustaquio
Canada,MF,Ismael Kone
Canada,MF,Tajon Buchanan
Canada,MF,Mathieu Choiniere
Canada,MF,Ali Ahmed
Canada,MF,Nathan Saliba
Canada,MF,Liam Millar
Canada,MF,Jacob Shaffelburg
Canada,MF,Jonathan Osorio
Canada,FW,Jonathan David
Canada,FW,Cyle Larin
Canada,FW,Tani Oluwaseyi
Canada,FW,Promise David
Cape Verde,GK,CJ dos Santos
Cape Verde,GK,Marcio Rosa
Cape Verde,GK,Vozinha
Cape Verde,DF,Sidny Cabral
Cape Verde,DF,Diney Borges
Cape Verde,DF,Logan Costa
Cape Verde,DF,Roberto Lopes
Cape Verde,DF,Steven Moreira
Cape Verde,DF,Wagner Pina
Cape Verde,DF,Kelvin Pires
Cape Verde,DF,Joao Paulo Fernandes
Cape Verde,DF,Ianique Stopira Tavares
Cape Verde,MF,Telmo Arcanjo
Cape Verde,MF,Deroy Duarte
Cape Verde,MF,Laros Duarte
Cape Verde,MF,Jamiro Monteiro
Cape Verde,MF,Kevin Pina
Cape Verde,MF,Yannick Semedo
Cape Verde,FW,Gilson Benchimol
Cape Verde,FW,Jovane Cabral
Cape Verde,FW,Dailon Livramento
Cape Verde,FW,Ryan Mendes
Cape Verde,FW,Nuno da Costa
Cape Verde,FW,Garry Rodrigues
Cape Verde,FW,Willy Semedo
Cape Verde,FW,Helio Varela
Colombia,GK,Camilo Vargas
Colombia,GK,Alvaro Montero
Colombia,GK,David Ospina
Colombia,DF,Davinson Sanchez
Colombia,DF,Jhon Lucumi
Colombia,DF,Yerry Mina
Colombia,DF,Willer Ditta
Colombia,DF,Daniel Munoz
Colombia,DF,Santiago Arias
Colombia,DF,Johan Mojica
Colombia,DF,Deiver Machado
Colombia,MF,Richard Rios
Colombia,MF,Jefferson Lerma
Colombia,MF,Kevin Castano
Colombia,MF,Juan Camilo Portilla
Colombia,MF,Gustavo Puerta
Colombia,MF,Jhon Arias
Colombia,MF,Jorge Carrascal
Colombia,MF,Juan Fernando Quintero
Colombia,MF,James Rodriguez
Colombia,MF,Jaminton Campaz
Colombia,FW,Juan Camilo Hernandez
Colombia,FW,Luis Diaz
Colombia,FW,Luis Suarez
Colombia,FW,Carlos Gomez
Colombia,FW,Jhon Cordoba
Croatia,GK,Dominik Livakovic
Croatia,GK,Dominik Kotarski
Croatia,GK,Ivor Pandur
Croatia,DF,Josko Gvardiol
Croatia,DF,Duje Caleta-Car
Croatia,DF,Josip Sutalo
Croatia,DF,Josip Stanisic
Croatia,DF,Marin Pongracic
Croatia,DF,Martin Erlic
Croatia,DF,Luka Vuskovic
Croatia,MF,Luka Modric
Croatia,MF,Mateo Kovacic
Croatia,MF,Mario Pasalic
Croatia,MF,Nikola Vlasic
Croatia,MF,Luka Sucic
Croatia,MF,Martin Baturina
Croatia,MF,Kristijan Jakic
Croatia,MF,Petar Sucic
Croatia,MF,Nikola Moro
Croatia,MF,Toni Fruk
Croatia,FW,Ivan Perisic
Croatia,FW,Andrej Kramaric
Croatia,FW,Ante Budimir
Croatia,FW,Marco Pasalic
Croatia,FW,Petar Musa
Croatia,FW,Igor Matanovic
Curacao,GK,Tyrick Bodack
Curacao,GK,Trevor Doornbusch
Curacao,GK,Eloy Room
Curacao,DF,Riechedly Bazoer
Curacao,DF,Joshua Brenet
Curacao,DF,Roshon van Eijma
Curacao,DF,Sherel Floranus
Curacao,DF,Deveron Fonville
Curacao,DF,Jurien Gaari
Curacao,DF,Armando Obispo
Curacao,DF,Shurandy Sambo
Curacao,MF,Juninho Bacuna
Curacao,MF,Leandro Bacuna
Curacao,MF,Livano Comenencia
Curacao,MF,Kevin Felida
Curacao,MF,Ar'jany Martha
Curacao,MF,Tyrese Noslin
Curacao,MF,Godfried Roemeratoe
Curacao,FW,Jeremy Antonisse
Curacao,FW,Tahith Chong
Curacao,FW,Kenji Gorre
Curacao,FW,Sontje Hansen
Curacao,FW,Gervane Kastaneer
Curacao,FW,Brandley Kuwas
Curacao,FW,Jurgen Locadia
Curacao,FW,Jearl Margaritha
Czechia,GK,Lukas Hornicek
Czechia,GK,Matej Kovar
Czechia,GK,Jindrich Stanek
Czechia,DF,Vladimir Coufal
Czechia,DF,David Doudera
Czechia,DF,Tomas Holes
Czechia,DF,Robin Hranac
Czechia,DF,Stepan Chaloupek
Czechia,DF,David Jurasek
Czechia,DF,Ladislav Krejci
Czechia,DF,Jaroslav Zeleny
Czechia,DF,David Zima
Czechia,MF,Lukas Cerv
Czechia,MF,Vladimir Darida
Czechia,MF,Lukas Provod
Czechia,MF,Michal Sadilek
Czechia,MF,Hugo Sochurek
Czechia,MF,Alexandr Sojka
Czechia,MF,Tomas Soucek
Czechia,MF,Pavel Sulc
Czechia,MF,Denis Visinsky
Czechia,FW,Adam Hlozek
Czechia,FW,Tomas Chory
Czechia,FW,Mojmir Chytil
Czechia,FW,Jan Kuchta
Czechia,FW,Patrik Schick
DR Congo,GK,Matthieu Epolo
DR Congo,GK,Timothy Fayulu
DR Congo,GK,Lionel Mpasi
DR Congo,DF,Dylan Batubinsika
DR Congo,DF,Gedeon Kalulu
DR Congo,DF,Steve Kapuadi
DR Congo,DF,Joris Kayembe
DR Congo,DF,Arthur Masuaku
DR Congo,DF,Chancel Mbemba
DR Congo,DF,Axel Tuanzebe
DR Congo,DF,Aaron Wan-Bissaka
DR Congo,MF,Brian Cipenga
DR Congo,MF,Meshack Elia
DR Congo,MF,Gael Kakuta
DR Congo,MF,Edo Kayembe
DR Congo,MF,Nathanael Mbuku
DR Congo,MF,Samuel Moutoussamy
DR Congo,MF,Ngal'ayel Mukau
DR Congo,MF,Charles Pickel
DR Congo,MF,Noah Sadiki
DR Congo,MF,Aaron Tshibola
DR Congo,FW,Cedric Bakambu
DR Congo,FW,Simon Banza
DR Congo,FW,Fiston Mayele
DR Congo,FW,Yoane Wissa
DR Congo,FW,Theo Bongonda
Ecuador,GK,Hernan Galindez
Ecuador,GK,Moises Ramirez
Ecuador,GK,Gonzalo Valle
Ecuador,DF,Piero Hincapie
Ecuador,DF,Willian Pacho
Ecuador,DF,Pervis Estupinan
Ecuador,DF,Felix Torres
Ecuador,DF,Joel Ordonez
Ecuador,DF,Jackson Porozo
Ecuador,DF,Angelo Preciado
Ecuador,DF,Yaimar Medina
Ecuador,MF,Moises Caicedo
Ecuador,MF,Alan Franco
Ecuador,MF,Kendry Paez
Ecuador,MF,Gonzalo Plata
Ecuador,MF,Pedro Vite
Ecuador,MF,Jordy Alcivar
Ecuador,MF,Denil Castillo
Ecuador,MF,John Yeboah
Ecuador,MF,Nilson Angulo
Ecuador,MF,Alan Minda
Ecuador,FW,Enner Valencia
Ecuador,FW,Kevin Rodriguez
Ecuador,FW,Jordy Caicedo
Ecuador,FW,Anthony Valencia
Ecuador,FW,Jeremy Arevalo
Egypt,GK,Mohamed El Shenawy
Egypt,GK,Mostafa Shobeir
Egypt,GK,El Mahdy Soliman
Egypt,GK,Mohamed Alaa
Egypt,DF,Mohamed Abdelmonem
Egypt,DF,Mohamed Hany
Egypt,DF,Yasser Ibrahim
Egypt,DF,Hossam Abdelmaguid
Egypt,DF,Ahmed Fattouh
Egypt,DF,Tarek Alaa
Egypt,DF,Rami Rabia
Egypt,DF,Karim Hafez
Egypt,MF,Marwan Attia
Egypt,MF,Ahmed Sayed Zizo
Egypt,MF,Mahmoud Hassan Trezeguet
Egypt,MF,Emam Ashour
Egypt,MF,Mostafa Abdel Raouf
Egypt,MF,Mohannad Lasheen
Egypt,MF,Haitham Hassan
Egypt,MF,Mahmoud Saber
Egypt,MF,Ibrahim Adel
Egypt,MF,Nabil Emad
Egypt,MF,Hamdi Fathi
Egypt,FW,Mohamed Salah
Egypt,FW,Omar Marmoush
Egypt,FW,Hamza Abdel Karim
England,GK,Jordan Pickford
England,GK,Dean Henderson
England,GK,James Trafford
England,DF,Reece James
England,DF,Ezri Konsa
England,DF,Jarell Quansah
England,DF,John Stones
England,DF,Marc Guehi
England,DF,Dan Burn
England,DF,Nico O'Reilly
England,DF,Djed Spence
England,DF,Tino Livramento
England,MF,Declan Rice
England,MF,Elliot Anderson
England,MF,Kobbie Mainoo
England,MF,Jordan Henderson
England,MF,Morgan Rogers
England,MF,Jude Bellingham
England,MF,Eberechi Eze
England,FW,Harry Kane
England,FW,Ivan Toney
England,FW,Ollie Watkins
England,FW,Bukayo Saka
England,FW,Marcus Rashford
England,FW,Anthony Gordon
England,FW,Noni Madueke
France,GK,Mike Maignan
France,GK,Robin Risser
France,GK,Brice Samba
France,DF,Lucas Digne
France,DF,Malo Gusto
France,DF,Lucas Hernandez
France,DF,Theo Hernandez
France,DF,Ibrahima Konate
France,DF,Maxence Lacroix
France,DF,Jules Kounde
France,DF,William Saliba
France,DF,Dayot Upamecano
France,MF,N'Golo Kante
France,MF,Manu Kone
France,MF,Adrien Rabiot
France,MF,Aurelien Tchouameni
France,MF,Warren Zaire-Emery
France,FW,Maghnes Akliouche
France,FW,Bradley Barcola
France,FW,Rayan Cherki
France,FW,Ousmane Dembele
France,FW,Desire Doue
France,FW,Michael Olise
France,FW,Kylian Mbappe
France,FW,Jean-Philippe Mateta
France,FW,Marcus Thuram
Germany,GK,Manuel Neuer
Germany,GK,Oliver Baumann
Germany,GK,Alexander Nuebel
Germany,DF,Nico Schlotterbeck
Germany,DF,David Raum
Germany,DF,Nathaniel Brown
Germany,DF,Jonathan Tah
Germany,DF,Waldemar Anton
Germany,DF,Joshua Kimmich
Germany,DF,Malick Thiaw
Germany,DF,Antonio Rudiger
Germany,MF,Pascal Gross
Germany,MF,Leon Goretzka
Germany,MF,Felix Nmecha
Germany,MF,Jamal Musiala
Germany,MF,Nadiem Amiri
Germany,MF,Jamie Leweling
Germany,MF,Lennart Karl
Germany,MF,Florian Wirtz
Germany,MF,Leroy Sane
Germany,MF,Aleksandar Pavlovic
Germany,MF,Angelo Stiller
Germany,FW,Kai Havertz
Germany,FW,Nick Woltemade
Germany,FW,Deniz Undav
Germany,FW,Maximilian Beier
Ghana,GK,Joseph Anang
Ghana,GK,Benjamin Asare
Ghana,GK,Lawrence Ati-Zigi
Ghana,DF,Jonas Adjetey
Ghana,DF,Derrick Luckassen
Ghana,DF,Gideon Mensah
Ghana,DF,Abdul Mumin
Ghana,DF,Jerome Opoku
Ghana,DF,Kojo Oppong Preprah
Ghana,DF,Baba Abdul Rahman
Ghana,DF,Alidu Seidu
Ghana,DF,Marvin Senaya
Ghana,MF,Augustine Boakye
Ghana,MF,Abdul Fatawu Issahaku
Ghana,MF,Elisha Owusu
Ghana,MF,Thomas Partey
Ghana,MF,Kwasi Sibo
Ghana,MF,Kamal Deen Sulemana
Ghana,MF,Caleb Yirenkyi
Ghana,FW,Prince Kwabena Adu
Ghana,FW,Jordan Ayew
Ghana,FW,Christopher Bonsu Baah
Ghana,FW,Ernest Nuamah
Ghana,FW,Antoine Semenyo
Ghana,FW,Brandon Thomas-Asante
Ghana,FW,Inaki Williams
Haiti,GK,Josue Duverger
Haiti,GK,Alexandre Pierre
Haiti,GK,Johny Placide
Haiti,DF,Ricardo Ade
Haiti,DF,Carlens Arcus
Haiti,DF,Hannes Delcroix
Haiti,DF,Jean-Kevin Duverne
Haiti,DF,Martin Experience
Haiti,DF,Duke Lacroix
Haiti,DF,Wilguens Paugain
Haiti,DF,Keeto Thermoncy
Haiti,MF,Carl Fred Sainte
Haiti,MF,Jean-Ricner Bellegarde
Haiti,MF,Leverton Pierre
Haiti,MF,Danley Jean Jacques
Haiti,MF,Woodensky Pierre
Haiti,MF,Dominique Simon
Haiti,FW,Josue Casimir
Haiti,FW,Louicius Deedson
Haiti,FW,Derrick Etienne Jr.
Haiti,FW,Yassin Fortune
Haiti,FW,Wilson Isidor
Haiti,FW,Lenny Joseph
Haiti,FW,Duckens Nazon
Haiti,FW,Frantzdy Pierrot
Haiti,FW,Ruben Providence
Iran,GK,Alireza Beiranvand
Iran,GK,Seyed Hossein Hosseini
Iran,GK,Payam Niazmand
Iran,DF,Danial Eiri
Iran,DF,Ehsan Hajsafi
Iran,DF,Saleh Hardani
Iran,DF,Hossein Kanaani
Iran,DF,Shoja Khalilzadeh
Iran,DF,Milad Mohammadi
Iran,DF,Ali Nemati
Iran,DF,Ramin Rezaeian
Iran,MF,Rouzbeh Cheshmi
Iran,MF,Saeid Ezatolahi
Iran,MF,Mehdi Ghaedi
Iran,MF,Saman Ghoddos
Iran,MF,Mohammad Ghorbani
Iran,MF,Alireza Jahanbakhsh
Iran,MF,Mohammad Mohebi
Iran,MF,Amir Mohammad Razzaghinia
Iran,MF,Mehdi Torabi
Iran,MF,Aria Yousefi
Iran,FW,Ali Alipour
Iran,FW,Dennis Dargahi
Iran,FW,Amirhossein Hosseinzadeh
Iran,FW,Mehdi Taremi
Iran,FW,Shahriar Moghanlou
Iraq,GK,Fahad Talib
Iraq,GK,Jalal Hassan
Iraq,GK,Ahmed Basil
Iraq,DF,Hussein Ali
Iraq,DF,Manaf Younis
Iraq,DF,Zaid Tahseen
Iraq,DF,Rebin Sulaka
Iraq,DF,Akam Hashem
Iraq,DF,Merchas Doski
Iraq,DF,Ahmed Yahya
Iraq,DF,Zaid Ismail
Iraq,DF,Frans Putros
Iraq,DF,Mustafa Saadoon
Iraq,MF,Amir Al Ammari
Iraq,MF,Kevin Yakob
Iraq,MF,Zidane Iqbal
Iraq,MF,Aimar Sher
Iraq,MF,Ibrahim Bayesh
Iraq,MF,Ahmed Qasim
Iraq,MF,Youssef Amyn
Iraq,MF,Marko Farji
Iraq,FW,Ali Jassim
Iraq,FW,Ali Al Hamadi
Iraq,FW,Ali Yousef
Iraq,FW,Aymen Hussein
Iraq,FW,Mohanad Ali
Ivory Coast,GK,Yahia Fofana
Ivory Coast,GK,Mohamed Kone
Ivory Coast,GK,Alban Lafont
Ivory Coast,DF,Emmanuel Agbadou
Ivory Coast,DF,Christopher Operi
Ivory Coast,DF,Ousmane Diomande
Ivory Coast,DF,Guela Doue
Ivory Coast,DF,Ghislain Konan
Ivory Coast,DF,Odilon Kossounou
Ivory Coast,DF,Wilfried Singo
Ivory Coast,DF,Evan Ndicka
Ivory Coast,MF,Seko Fofana
Ivory Coast,MF,Parfait Guiagon
Ivory Coast,MF,Christ Inao Oulai
Ivory Coast,MF,Franck Kessie
Ivory Coast,MF,Ibrahim Sangare
Ivory Coast,MF,Jean Michael Seri
Ivory Coast,FW,Simon Adingra
Ivory Coast,FW,Ange-Yoan Bonny
Ivory Coast,FW,Amad Diallo
Ivory Coast,FW,Oumar Diakite
Ivory Coast,FW,Yan Diomande
Ivory Coast,FW,Evann Guessand
Ivory Coast,FW,Nicolas Pepe
Ivory Coast,FW,Bazoumana Toure
Ivory Coast,FW,Elye Wahi
Japan,GK,Tomoki Hayakawa
Japan,GK,Keisuke Osako
Japan,GK,Zion Suzuki
Japan,DF,Ko Itakura
Japan,DF,Hiroki Ito
Japan,DF,Yuto Nagatomo
Japan,DF,Ayumu Seko
Japan,DF,Yukinari Sugawara
Japan,DF,Junnosuke Suzuki
Japan,DF,Shogo Taniguchi
Japan,DF,Takehiro Tomiyasu
Japan,DF,Tsuyoshi Watanabe
Japan,MF,Ritsu Doan
Japan,MF,Wataru Endo
Japan,MF,Junya Ito
Japan,MF,Daichi Kamada
Japan,MF,Takefusa Kubo
Japan,MF,Keito Nakamura
Japan,MF,Kaishu Sano
Japan,MF,Ao Tanaka
Japan,FW,Keisuke Goto
Japan,FW,Daizen Maeda
Japan,FW,Koki Ogawa
Japan,FW,Kento Shiogai
Japan,FW,Yuito Suzuki
Japan,FW,Ayase Ueda
Jordan,GK,Yazid Abulaila
Jordan,GK,Noor Bani Attiah
Jordan,GK,Abdallah Al Fakhouri
Jordan,DF,Mohammad Abu Hashish
Jordan,DF,Abdullah Nasib
Jordan,DF,Hussam Abu Dhahab
Jordan,DF,Yazan Al Arab
Jordan,DF,Mohammad Abu Alnadi
Jordan,DF,Salem Obaid
Jordan,DF,Saed Al Rosan
Jordan,DF,Ehsan Haddad
Jordan,DF,Anas Badawi
Jordan,MF,Amer Jamous
Jordan,MF,Noor Al Rawabdeh
Jordan,MF,Rajaei Ayed
Jordan,MF,Ibrahim Sadeh
Jordan,MF,Mohannad Abu Taha
Jordan,MF,Nizar Al Rashdan
Jordan,MF,Mohammad Al Dawoud
Jordan,MF,Mahmoud Mardahi
Jordan,FW,Mohammad Abu Zraiq
Jordan,FW,Ali Olwan
Jordan,FW,Mousa Al Tamari
Jordan,FW,Odeh Fakhoury
Jordan,FW,Ibrahim Sabra
Jordan,FW,Ali Azaizeh
Mexico,GK,Raul Rangel
Mexico,GK,Guillermo Ochoa
Mexico,GK,Carlos Acevedo
Mexico,DF,Jorge Sanchez
Mexico,DF,Israel Reyes
Mexico,DF,Cesar Montes
Mexico,DF,Johan Vasquez
Mexico,DF,Jesus Gallardo
Mexico,DF,Mateo Chavez
Mexico,DF,Edson Alvarez
Mexico,MF,Erik Lira
Mexico,MF,Orbelin Pineda
Mexico,MF,Alvaro Fidalgo
Mexico,MF,Brian Gutierrez
Mexico,MF,Luis Romo
Mexico,MF,Obed Vargas
Mexico,MF,Gilberto Mora
Mexico,MF,Luis Chavez
Mexico,FW,Roberto Alvarado
Mexico,FW,Cesar Huerta
Mexico,FW,Alexis Vega
Mexico,FW,Julian Quinones
Mexico,FW,Guillermo Martinez
Mexico,FW,Armando Gonzalez
Mexico,FW,Santiago Gimenez
Mexico,FW,Raul Jimenez
Morocco,GK,Yassine Bounou
Morocco,GK,Munir El Kajoui
Morocco,GK,Ahmed Reda Tagnaouti
Morocco,DF,Noussair Mazraoui
Morocco,DF,Anas Salah-Eddine
Morocco,DF,Youssef Bellammari
Morocco,DF,Achraf Hakimi
Morocco,DF,Zakaria El Ouahdi
Morocco,DF,Nayef Aguerd
Morocco,DF,Chadi Riad
Morocco,DF,Redouane Halhal
Morocco,DF,Issa Diop
Morocco,MF,Samir El Mourabet
Morocco,MF,Ayoub Bouaddi
Morocco,MF,Neil El Aynaoui
Morocco,MF,Sofyan Amrabat
Morocco,MF,Azzedine Ounahi
Morocco,MF,Bilal El Khannouss
Morocco,MF,Ismael Saibari
Morocco,FW,Abdesamad Ezzalzouli
Morocco,FW,Chemsdine Talbi
Morocco,FW,Soufiane Rahimi
Morocco,FW,Ayoub El Kaabi
Morocco,FW,Brahim Diaz
Morocco,FW,Yassine Gessim
Morocco,FW,Ayoube Amaimouni-Echghouyab
Netherlands,GK,Mark Flekken
Netherlands,GK,Robin Roefs
Netherlands,GK,Bart Verbruggen
Netherlands,DF,Nathan Ake
Netherlands,DF,Virgil van Dijk
Netherlands,DF,Denzel Dumfries
Netherlands,DF,Jan Paul van Hecke
Netherlands,DF,Jurrien Timber
Netherlands,DF,Jorrel Hato
Netherlands,DF,Micky van de Ven
Netherlands,MF,Ryan Gravenberch
Netherlands,MF,Frenkie de Jong
Netherlands,MF,Teun Koopmeiners
Netherlands,MF,Tijjani Reijnders
Netherlands,MF,Marten de Roon
Netherlands,MF,Guus Til
Netherlands,MF,Quinten Timber
Netherlands,MF,Mats Wieffer
Netherlands,FW,Brian Brobbey
Netherlands,FW,Memphis Depay
Netherlands,FW,Cody Gakpo
Netherlands,FW,Noa Lang
Netherlands,FW,Donyell Malen
Netherlands,FW,Crysencio Summerville
Netherlands,FW,Wout Weghorst
Netherlands,FW,Justin Kluivert
New Zealand,GK,Max Crocombe
New Zealand,GK,Alex Paulsen
New Zealand,GK,Michael Woud
New Zealand,DF,Tyler Bindon
New Zealand,DF,Michael Boxall
New Zealand,DF,Liberato Cacace
New Zealand,DF,Francis de Vries
New Zealand,DF,Callan Elliot
New Zealand,DF,Tim Payne
New Zealand,DF,Nando Pijnaker
New Zealand,DF,Tommy Smith
New Zealand,DF,Finn Surman
New Zealand,MF,Lachlan Bayliss
New Zealand,MF,Joe Bell
New Zealand,MF,Matt Garbett
New Zealand,MF,Eli Just
New Zealand,MF,Callum McCowatt
New Zealand,MF,Ben Old
New Zealand,MF,Alex Rufer
New Zealand,MF,Marko Stamenic
New Zealand,MF,Sarpreet Singh
New Zealand,MF,Ryan Thomas
New Zealand,FW,Kosta Barbarouses
New Zealand,FW,Jesse Randall
New Zealand,FW,Ben Waine
New Zealand,FW,Chris Wood
Norway,GK,Orjan Haskjold Nyland
Norway,GK,Egil Selvik
Norway,GK,Sander Tangvik
Norway,DF,Kristoffer Vassbakk Ajer
Norway,DF,Fredrik Bjorkan
Norway,DF,Henrik Falchener
Norway,DF,Sondre Langas
Norway,DF,Torbjorn Heggem
Norway,DF,Marcus Holmgren Pedersen
Norway,DF,Julian Ryerson
Norway,DF,David Moller Wolfe
Norway,DF,Leo Ostigard
Norway,MF,Thelonious Aasgaard
Norway,MF,Fredrik Aursnes
Norway,MF,Patrick Berg
Norway,MF,Sander Berge
Norway,MF,Oscar Bobb
Norway,MF,Jens Petter Hauge
Norway,MF,Antonio Nusa
Norway,MF,Andreas Schjelderup
Norway,MF,Morten Thorsby
Norway,MF,Kristian Thorstvedt
Norway,MF,Martin Odegaard
Norway,FW,Erling Haaland
Norway,FW,Alexander Sorloth
Norway,FW,Jorgen Strand Larsen
Panama,GK,Orlando Mosquera
Panama,GK,Luis Mejia
Panama,GK,Cesar Samudio
Panama,DF,Cesar Blackman
Panama,DF,Jorge Gutierrez
Panama,DF,Amir Murillo
Panama,DF,Fidel Escobar
Panama,DF,Andres Andrade
Panama,DF,Edgardo Farina
Panama,DF,Jose Cordoba
Panama,DF,Eric Davis
Panama,DF,Jiovany Ramos
Panama,DF,Roderick Miller
Panama,MF,Anibal Godoy
Panama,MF,Adalberto Carrasquilla
Panama,MF,Carlos Harvey
Panama,MF,Cristian Martinez
Panama,MF,Jose Luis Rodriguez
Panama,MF,Cesar Yanis
Panama,MF,Yoel Barcenas
Panama,MF,Alberto Quintero
Panama,MF,Azarias Londono
Panama,FW,Ismael Diaz
Panama,FW,Cecilio Waterman
Panama,FW,Jose Fajardo
Panama,FW,Tomas Rodriguez
Paraguay,GK,Orlando Gill
Paraguay,GK,Roberto Fernandez
Paraguay,GK,Gaston Olveira
Paraguay,DF,Juan Caceres
Paraguay,DF,Gustavo Velazquez
Paraguay,DF,Gustavo Gomez
Paraguay,DF,Junior Alonso
Paraguay,DF,Jose Canale
Paraguay,DF,Omar Alderete
Paraguay,DF,Alexandro Maidana
Paraguay,DF,Fabian Balbuena
Paraguay,MF,Diego Gomez
Paraguay,MF,Mauricio Magalhaes
Paraguay,MF,Damian Bobadilla
Paraguay,MF,Braian Ojeda
Paraguay,MF,Andres Cubas
Paraguay,MF,Matias Galarza
Paraguay,MF,Alejandro Gamarra
Paraguay,FW,Gustavo Caballero
Paraguay,FW,Ramon Sosa
Paraguay,FW,Alex Arce
Paraguay,FW,Isidro Pitta
Paraguay,FW,Gabriel Avalos
Paraguay,FW,Miguel Almiron
Paraguay,FW,Julio Enciso
Paraguay,FW,Antonio Sanabria
Portugal,GK,Diogo Costa
Portugal,GK,Jose Sa
Portugal,GK,Rui Silva
Portugal,DF,Tomas Araujo
Portugal,DF,Joao Cancelo
Portugal,DF,Diogo Dalot
Portugal,DF,Ruben Dias
Portugal,DF,Goncalo Inacio
Portugal,DF,Nuno Mendes
Portugal,DF,Matheus Nunes
Portugal,DF,Nelson Semedo
Portugal,DF,Renato Veiga
Portugal,MF,Samuel Costa
Portugal,MF,Bruno Fernandes
Portugal,MF,Joao Neves
Portugal,MF,Ruben Neves
Portugal,MF,Bernardo Silva
Portugal,MF,Vitinha
Portugal,FW,Francisco Conceicao
Portugal,FW,Joao Felix
Portugal,FW,Goncalo Guedes
Portugal,FW,Rafael Leao
Portugal,FW,Pedro Neto
Portugal,FW,Goncalo Ramos
Portugal,FW,Cristiano Ronaldo
Portugal,FW,Francisco Trincao
Qatar,GK,Salah Zakaria
Qatar,GK,Meshaal Barsham
Qatar,GK,Mahmoud Abunada
Qatar,DF,Boualem Khoukhi
Qatar,DF,Pedro Miguel
Qatar,DF,Sultan Al Brake
Qatar,DF,Al Hashmi Al Hussain
Qatar,DF,Ayoub Al Alawi
Qatar,DF,Issa Laye
Qatar,DF,Lucas Mendes
Qatar,DF,Homam Al Amin
Qatar,MF,Ahmed Fathi
Qatar,MF,Jassim Gaber
Qatar,MF,Assim Madibo
Qatar,MF,Abdulaziz Hatem
Qatar,MF,Karim Boudiaf
Qatar,MF,Mohammed Mannai
Qatar,FW,Almoez Ali
Qatar,FW,Akram Afif
Qatar,FW,Tahsin Mohammed
Qatar,FW,Edmilson Junior
Qatar,FW,Ahmed Al-Janehi
Qatar,FW,Ahmed Alaa
Qatar,FW,Hassan Al Haydos
Qatar,FW,Mohammed Muntari
Qatar,FW,Yusuf Abdurisag
Saudi Arabia,GK,Nawaf Al Aqidi
Saudi Arabia,GK,Mohamed Al Owais
Saudi Arabia,GK,Ahmed Alkassar
Saudi Arabia,DF,Saud Abdulhamid
Saudi Arabia,DF,Jehad Thakri
Saudi Arabia,DF,Abdulelah Al Amri
Saudi Arabia,DF,Hassan Tambakti
Saudi Arabia,DF,Ali Lajami
Saudi Arabia,DF,Hassan Kadesh
Saudi Arabia,DF,Moteb Al Harbi
Saudi Arabia,DF,Nawaf Boushal
Saudi Arabia,DF,Ali Majrashi
Saudi Arabia,DF,Mohammed Abu Alshamat
Saudi Arabia,MF,Ziyad Al Johani
Saudi Arabia,MF,Nasser Al Dawsari
Saudi Arabia,MF,Mohamed Kanno
Saudi Arabia,MF,Abdullah Al Khaibari
Saudi Arabia,MF,Alaa Al Hejji
Saudi Arabia,MF,Musab Al Juwayr
Saudi Arabia,MF,Sultan Mandash
Saudi Arabia,MF,Ayman Yahya
Saudi Arabia,MF,Khalid Al Ghannam
Saudi Arabia,FW,Salem Al Dawsari
Saudi Arabia,FW,Abdullah Al Hamdan
Saudi Arabia,FW,Feras Al Brikan
Saudi Arabia,FW,Saleh Al Shehri
Scotland,GK,Craig Gordon
Scotland,GK,Angus Gunn
Scotland,GK,Liam Kelly
Scotland,DF,Grant Hanley
Scotland,DF,Jack Hendry
Scotland,DF,Aaron Hickey
Scotland,DF,Dom Hyam
Scotland,DF,Scott McKenna
Scotland,DF,Nathan Patterson
Scotland,DF,Anthony Ralston
Scotland,DF,Andy Robertson
Scotland,DF,John Souttar
Scotland,DF,Kieran Tierney
Scotland,MF,Ryan Christie
Scotland,MF,Findlay Curtis
Scotland,MF,Lewis Ferguson
Scotland,MF,Tyler Fletcher
Scotland,MF,Ben Gannon-Doak
Scotland,MF,John McGinn
Scotland,MF,Kenny McLean
Scotland,MF,Scott McTominay
Scotland,FW,Che Adams
Scotland,FW,Lyndon Dykes
Scotland,FW,George Hirst
Scotland,FW,Lawrence Shankland
Scotland,FW,Ross Stewart
Senegal,GK,Edouard Mendy
Senegal,GK,Mory Diaw
Senegal,GK,Yehvann Diouf
Senegal,DF,Krepin Diatta
Senegal,DF,Antoine Mendy
Senegal,DF,Kalidou Koulibaly
Senegal,DF,El Hadji Malick Diouf
Senegal,DF,Mamadou Sarr
Senegal,DF,Moussa Niakhate
Senegal,DF,Abdoulaye Seck
Senegal,DF,Ismail Jakobs
Senegal,MF,Idrissa Gana Gueye
Senegal,MF,Pape Gueye
Senegal,MF,Lamine Camara
Senegal,MF,Habib Diarra
Senegal,MF,Pathe Ciss
Senegal,MF,Pape Matar Sarr
Senegal,MF,Bara Sapoko Ndiaye
Senegal,FW,Sadio Mane
Senegal,FW,Ismaila Sarr
Senegal,FW,Iliman Ndiaye
Senegal,FW,Assane Diao
Senegal,FW,Ibrahim Mbaye
Senegal,FW,Nicolas Jackson
Senegal,FW,Bamba Dieng
Senegal,FW,Cherif Ndiaye
South Africa,GK,Ronwen Williams
South Africa,GK,Ricardo Goss
South Africa,GK,Sipho Chaine
South Africa,DF,Aubrey Modiba
South Africa,DF,Khuliso Mudau
South Africa,DF,Khulumani Ndamane
South Africa,DF,Kamogelo Sebelebele
South Africa,DF,Nkosinathi Sibisi
South Africa,DF,Bradley Cross
South Africa,DF,Samukele Kabini
South Africa,DF,Olwethu Makhanya
South Africa,DF,Thabang Matuludi
South Africa,DF,Mbekezeli Mbokazi
South Africa,DF,Ime Okon
South Africa,MF,Oswin Appollis
South Africa,MF,Thalente Mbatha
South Africa,MF,Relebohile Mofokeng
South Africa,MF,Jayden Adams
South Africa,MF,Teboho Mokoena
South Africa,MF,Themba Zwane
South Africa,MF,Sphephelo Sithole
South Africa,FW,Evidence Makgopa
South Africa,FW,Tshepang Moremi
South Africa,FW,Lyle Foster
South Africa,FW,Thapelo Maseko
South Africa,FW,Iqraam Rayners
South Korea,GK,Song Bumkeun
South Korea,GK,Jo Hyeonwoo
South Korea,GK,Kim Seung-gyu
South Korea,DF,Jens Castrop
South Korea,DF,Lee Hanbeom
South Korea,DF,Park Jinseob
South Korea,DF,Lee Kihyuk
South Korea,DF,Kim Minjae
South Korea,DF,Kim Moonhwan
South Korea,DF,Kim Taehyeon
South Korea,DF,Lee Taeseok
South Korea,DF,Seol Youngwoo
South Korea,DF,Cho Wije
South Korea,MF,Lee Donggyeong
South Korea,MF,Hwang Heechan
South Korea,MF,Yang Hyunjun
South Korea,MF,Hwang Inbeom
South Korea,MF,Lee Jaesung
South Korea,MF,Kim Jingyu
South Korea,MF,Eom Jisung
South Korea,MF,Bae Junho
South Korea,MF,Lee Kangin
South Korea,MF,Paik Seungho
South Korea,FW,Cho Guesung
South Korea,FW,Son Heungmin
South Korea,FW,Oh Hyeongyu
Spain,GK,Unai Simon
Spain,GK,David Raya
Spain,GK,Joan Garcia
Spain,DF,Marc Cucurella
Spain,DF,Pau Cubarsi
Spain,DF,Aymeric Laporte
Spain,DF,Alejandro Grimaldo
Spain,DF,Pedro Porro
Spain,DF,Eric Garcia
Spain,DF,Marcos Llorente
Spain,DF,Marc Pubill
Spain,MF,Gavi
Spain,MF,Rodri
Spain,MF,Pedri
Spain,MF,Martin Zubimendi
Spain,MF,Fabian Ruiz
Spain,MF,Alex Baena
Spain,MF,Mikel Merino
Spain,FW,Lamine Yamal
Spain,FW,Nico Williams
Spain,FW,Dani Olmo
Spain,FW,Ferran Torres
Spain,FW,Mikel Oyarzabal
Spain,FW,Yeremy Pino
Spain,FW,Borja Iglesias
Spain,FW,Victor Munoz
Sweden,GK,Viktor Johansson
Sweden,GK,Gustaf Lagerbielke
Sweden,GK,Kristoffer Nordfeldt
Sweden,GK,Jacob Zetterstrom
Sweden,DF,Hjalmar Ekdal
Sweden,DF,Gabriel Gudmundsson
Sweden,DF,Isak Hien
Sweden,DF,Victor Lindelof
Sweden,DF,Eric Smith
Sweden,DF,Carl Starfelt
Sweden,DF,Daniel Svensson
Sweden,MF,Yasin Ayari
Sweden,MF,Lucas Bergvall
Sweden,MF,Jesper Karlstrom
Sweden,MF,Benjamin Nygren
Sweden,MF,Ken Sema
Sweden,MF,Elliot Stroud
Sweden,MF,Mattias Svanberg
Sweden,MF,Besfort Zeneli
Sweden,FW,Taha Ali
Sweden,FW,Alexander Bernhardsson
Sweden,FW,Anthony Elanga
Sweden,FW,Viktor Gyokeres
Sweden,FW,Alexander Isak
Sweden,FW,Gustaf Nilsson
Switzerland,GK,Marvin Keller
Switzerland,GK,Gregor Kobel
Switzerland,GK,Yvon Mvogo
Switzerland,DF,Manuel Akanji
Switzerland,DF,Aurele Amenda
Switzerland,DF,Eray Comert
Switzerland,DF,Nico Elvedi
Switzerland,DF,Luca Jaquez
Switzerland,DF,Miro Muheim
Switzerland,DF,Ricardo Rodriguez
Switzerland,DF,Silvan Widmer
Switzerland,MF,Michel Aebischer
Switzerland,MF,Christian Fassnacht
Switzerland,MF,Remo Freuler
Switzerland,MF,Ardon Jashari
Switzerland,MF,Fabian Rieder
Switzerland,MF,Djibril Sow
Switzerland,MF,Cedric Itten
Switzerland,MF,Granit Xhaka
Switzerland,MF,Denis Zakaria
Switzerland,FW,Ruben Vargas
Switzerland,FW,Zeki Amdouni
Switzerland,FW,Breel Embolo
Switzerland,FW,Dan Ndoye
Switzerland,FW,Noah Okafor
Switzerland,FW,Johan Manzambi
Tunisia,GK,Sabri Ben Hessen
Tunisia,GK,Abdelmouhib Chamakh
Tunisia,GK,Aymen Dahman
Tunisia,DF,Ali Abdi
Tunisia,DF,Adem Arous
Tunisia,DF,Mohamed Amine Ben Hamida
Tunisia,DF,Dylan Bronn
Tunisia,DF,Raed Chikhaoui
Tunisia,DF,Moutaz Neffati
Tunisia,DF,Omar Rekik
Tunisia,DF,Montassar Talbi
Tunisia,DF,Yan Valery
Tunisia,MF,Mortadha Ben Ouanes
Tunisia,MF,Anis Ben Slimane
Tunisia,MF,Ismael Gharbi
Tunisia,MF,Rani Khedira
Tunisia,MF,Mohamed Hadj Mahmoud
Tunisia,MF,Hannibal Mejbri
Tunisia,MF,Ellyes Skhiri
Tunisia,FW,Elias Achouri
Tunisia,FW,Khalil Ayari
Tunisia,FW,Firas Chaouat
Tunisia,FW,Rayan Elloumi
Tunisia,FW,Hazem Mastouri
Tunisia,FW,Elias Saad
Tunisia,FW,Sebastian Tounekti
Turkiye,GK,Altay Bayindir
Turkiye,GK,Mert Gunok
Turkiye,GK,Ugurcan Cakir
Turkiye,DF,Abdulkerim Bardakci
Turkiye,DF,Caglar Soyuncu
Turkiye,DF,Eren Elmali
Turkiye,DF,Ferdi Kadioglu
Turkiye,DF,Merih Demiral
Turkiye,DF,Mert Muldur
Turkiye,DF,Ozan Kabak
Turkiye,DF,Samet Akaydin
Turkiye,DF,Zeki Celik
Turkiye,MF,Hakan Calhanoglu
Turkiye,MF,Ismail Yuksek
Turkiye,MF,Kaan Ayhan
Turkiye,MF,Orkun Kokcu
Turkiye,MF,Salih Ozcan
Turkiye,FW,Arda Guler
Turkiye,FW,Baris Alper Yilmaz
Turkiye,FW,Can Uzun
Turkiye,FW,Deniz Gul
Turkiye,FW,Irfan Can Kahveci
Turkiye,FW,Kenan Yildiz
Turkiye,FW,Kerem Akturkoglu
Turkiye,FW,Oguz Aydin
Turkiye,FW,Yunus Akgun
Uruguay,GK,Sergio Rochet
Uruguay,GK,Fernando Muslera
Uruguay,GK,Santiago Mele
Uruguay,DF,Guillermo Varela
Uruguay,DF,Ronald Araujo
Uruguay,DF,Jose Maria Gimenez
Uruguay,DF,Santiago Bueno
Uruguay,DF,Sebastian Caceres
Uruguay,DF,Mathias Olivera
Uruguay,DF,Joaquin Piquerez
Uruguay,DF,Matias Vina
Uruguay,MF,Maximiliano Araujo
Uruguay,MF,Giorgian de Arrascaeta
Uruguay,MF,Rodrigo Bentancur
Uruguay,MF,Agustin Canobbio
Uruguay,MF,Nicolas de la Cruz
Uruguay,MF,Emiliano Martinez
Uruguay,MF,Facundo Pellistri
Uruguay,MF,Brian Rodriguez
Uruguay,MF,Juan Manuel Sanabria
Uruguay,MF,Manuel Ugarte
Uruguay,MF,Federico Valverde
Uruguay,MF,Rodrigo Zalazar
Uruguay,FW,Rodrigo Aguirre
Uruguay,FW,Federico Vinas
Uruguay,FW,Darwin Nunez
USA,GK,Chris Brady
USA,GK,Matt Freese
USA,GK,Matt Turner
USA,DF,Max Arfsten
USA,DF,Sergino Dest
USA,DF,Alex Freeman
USA,DF,Mark McKenzie
USA,DF,Tim Ream
USA,DF,Chris Richards
USA,DF,Antonee Robinson
USA,DF,Miles Robinson
USA,DF,Joe Scally
USA,DF,Auston Trusty
USA,MF,Tyler Adams
USA,MF,Sebastian Berhalter
USA,MF,Weston McKennie
USA,MF,Cristian Roldan
USA,MF,Brenden Aaronson
USA,MF,Christian Pulisic
USA,MF,Gio Reyna
USA,MF,Malik Tillman
USA,MF,Tim Weah
USA,MF,Alejandro Zendejas
USA,FW,Folarin Balogun
USA,FW,Ricardo Pepi
USA,FW,Haji Wright
Uzbekistan,GK,Botirali Ergashev
Uzbekistan,GK,Abduvohid Nematov
Uzbekistan,GK,Utkir Yusupov
Uzbekistan,DF,Abdukodir Khusanov
Uzbekistan,DF,Khojiakbar Alijonov
Uzbekistan,DF,Rustamjon Ashurmatov
Uzbekistan,DF,Farrukh Sayfiev
Uzbekistan,DF,Sherzod Nasrullaev
Uzbekistan,DF,Umarbek Eshmuradov
Uzbekistan,DF,Avazbek Ulmasaliev
Uzbekistan,DF,Jakhongir Urozov
Uzbekistan,DF,Bekhruz Karimov
Uzbekistan,DF,Abdulla Abdullaev
Uzbekistan,MF,Akmal Mozgovoy
Uzbekistan,MF,Otabek Shukurov
Uzbekistan,MF,Jamshid Iskanderov
Uzbekistan,MF,Odiljon Hamrobekov
Uzbekistan,MF,Jaloliddin Masharipov
Uzbekistan,MF,Azizbek Ganiev
Uzbekistan,MF,Sherzod Esanov
Uzbekistan,MF,Abbosbek Fayzullaev
Uzbekistan,FW,Azizbek Amonov
Uzbekistan,FW,Eldor Shomurodov
Uzbekistan,FW,Igor Sergeev
Uzbekistan,FW,Oston Urunov
Uzbekistan,FW,Dostonbek Hamdamov
